"kode_prov","provinsi","Informal","TPAK-L","TPAK-P","TPT","Upah Formal","RLS","%Miskin","Upah/Jam","Dikdas","IPG","klaster","flag_pencilan"
"11","Aceh",63.91,80.68,50.01,5.64,2837520,10.42,12.22,18880,93.72,92.64,1,FALSE
"12","Sumatera Utara",57.26,84.85,59.8,5.32,2815066,10.29,7.24,17109,93.51,91.5,2,FALSE
"13","Sumatera Barat",64.33,83.21,59.4,5.62,2911450,10.03,5.31,17591,91.45,95.25,2,FALSE
"14","Riau",52,84.68,47.68,4.16,3144261,9.8,6.3,20536,88.21,89.32,2,FALSE
"15","Jambi",57.27,85.6,50.63,4.26,2975646,9.32,6.89,18895,87.48,89.5,2,FALSE
"16","Sumatera Selatan",63.13,84.82,54.46,3.69,3015055,9.28,9.85,19107,89.23,93.22,2,FALSE
"17","Bengkulu",65.17,84.84,58.17,3.41,2935681,9.71,11.88,19981,91.32,91.65,2,FALSE
"18","Lampung",64.72,86.4,53.85,4.21,2520619,9,9.66,15524,91.32,90.93,2,FALSE
"19","Kep. Bangka Belitung",51.29,85.86,52.02,4.45,3202690,9.09,4.77,19614,84.4,90.21,2,FALSE
"21","Kep. Riau",34.25,83.94,52.12,6.45,4768990,10.78,4.26,29429,94.19,94.2,1,FALSE
"31","DKI Jakarta",36.63,79.66,49.94,6.05,5903603,11.58,4.03,39019,94.26,95.56,1,TRUE
"32","Jawa Barat",54.95,84.41,49.27,6.77,3768080,9.46,6.78,21630,91.96,90.39,1,FALSE
"33","Jawa Tengah",58.79,85.36,63.37,4.66,2528470,8.62,9.39,15110,93.03,93,2,FALSE
"34","DI Yogyakarta",53.97,83.9,65.91,3.46,2924613,10.58,10.08,18256,97.06,95.1,2,FALSE
"35","Jawa Timur",61.73,85.89,62.29,3.88,2899074,8.81,9.3,16446,93.53,92.19,2,FALSE
"36","Banten",45.12,81.96,46.87,6.69,4062488,9.82,5.51,25650,92.34,92.52,1,FALSE
"51","Bali",50.47,83.84,70.84,1.49,3639413,10.07,3.42,20985,91.16,95.1,2,FALSE
"52","Nusa Tenggara Barat",68.42,86.55,65.69,3.06,2569181,8.87,11.38,14450,93.68,91.54,2,FALSE
"53","Nusa Tenggara Timur",68.44,82.52,68.68,3.31,2674136,8.88,17.5,18228,84.83,93.77,2,FALSE
"61","Kalimantan Barat",56.39,85.32,55.7,4.82,2972111,8.54,5.97,19003,87.01,88.2,2,FALSE
"62","Kalimantan Tengah",50.15,85.26,50.34,3.97,3451676,9.36,4.94,22145,90.36,89.62,2,FALSE
"63","Kalimantan Selatan",53.48,84.48,55.18,4.16,3164480,9.17,3.73,19719,88.26,89.94,2,FALSE
"64","Kalimantan Timur",43.22,83.14,48.72,5.18,4475944,10.3,5.19,27485,93.61,87.45,1,FALSE
"65","Kalimantan Utara",48.44,84.95,52.26,3.85,3675921,9.69,5.47,23030,89.39,88.77,2,FALSE
"71","Sulawesi Utara",54.56,83.26,50.51,5.99,3420935,10.1,6.62,21434,92.18,95.48,1,FALSE
"72","Sulawesi Tengah",64.57,86.02,58.05,2.92,3056120,9.38,10.52,19992,89.09,92.89,2,FALSE
"73","Sulawesi Selatan",60.45,82.8,52.95,4.21,3060385,9.38,7.43,20014,90.86,93.53,2,FALSE
"74","Sulawesi Tenggara",61.13,83.56,59.49,3.31,3189724,9.9,10.14,21607,91.83,91.53,2,FALSE
"75","Gorontalo",61.14,85.3,53.12,3.42,2911813,8.78,12.62,17062,83.57,88.64,2,FALSE
"76","Sulawesi Barat",70.63,87.47,60.68,2.86,2698528,8.91,10.18,18086,89.31,90.6,2,FALSE
"81","Maluku",66.06,77.45,55.71,6.27,3100805,10.63,15.25,21341,92.99,93.73,1,FALSE
"82","Maluku Utara",64.51,83.85,54.29,4.55,3620219,9.78,5.59,26732,91.93,90.91,2,FALSE
"92","Papua Barat",63.19,80.03,57.73,4.55,3765973,9.9,19.58,30233,82.14,82.26,3,FALSE
"96","Papua Barat Daya",55.66,80.35,54.63,6.85,3837947,10.6,17.5,27481,85.15,84.27,3,FALSE
"91","Papua",52.88,75.97,50.54,6.96,4426645,10.65,17.82,29293,80.22,90.3,3,FALSE
"93","Papua Selatan",65.88,78.24,55.32,4.04,4264963,8.87,19.26,28978,69.79,83.76,3,FALSE
"94","Papua Tengah",84.72,80.58,66.09,3.62,4808336,6.27,29.45,34165,55.49,81.41,4,TRUE
"95","Papua Pegunungan",95.3,92.87,88.08,1.68,3941546,4.76,27.21,31388,56.39,87.25,4,TRUE
