provinsi_multivariat,provinsi_shp,kode_prov
Aceh,Aceh,11
Sumatera Utara,Sumatera Utara,12
Sumatera Barat,Sumatera Barat,13
Riau,Riau,14
Jambi,Jambi,15
Sumatera Selatan,Sumatera Selatan,16
Bengkulu,Bengkulu,17
Lampung,Lampung,18
Kep. Bangka Belitung,Kepulauan Bangka Belitung,19
Kep. Riau,Kepulauan Riau,21
DKI Jakarta,DKI Jakarta,31
Jawa Barat,Jawa Barat,32
Jawa Tengah,Jawa Tengah,33
DI Yogyakarta,Daerah Istimewa Yogyakarta,34
Jawa Timur,Jawa Timur,35
Banten,Banten,36
Bali,Bali,51
Nusa Tenggara Barat,Nusa Tenggara Barat,52
Nusa Tenggara Timur,Nusa Tenggara Timur,53
Kalimantan Barat,Kalimantan Barat,61
Kalimantan Tengah,Kalimantan Tengah,62
Kalimantan Selatan,Kalimantan Selatan,63
Kalimantan Timur,Kalimantan Timur,64
Kalimantan Utara,Kalimantan Utara,65
Sulawesi Utara,Sulawesi Utara,71
Sulawesi Tengah,Sulawesi Tengah,72
Sulawesi Selatan,Sulawesi Selatan,73
Sulawesi Tenggara,Sulawesi Tenggara,74
Gorontalo,Gorontalo,75
Sulawesi Barat,Sulawesi Barat,76
Maluku,Maluku,81
Maluku Utara,Maluku Utara,82
Papua,Papua,91
Papua Barat,Papua Barat,92
Papua Selatan,Papua Selatan,93
Papua Tengah,Papua Tengah,94
Papua Pegunungan,Papua Pegunungan,95
Papua Barat Daya,Papua Barat Daya,96
